Type,Family,Model Name,Input Size,Accuracy,Max BS,Optimal BS,Throughput,Latency,Energy,param_count,params_tinfo,macs_tinfo,params_ptflops,macs_ptflops,activations,DONE
TBD,TBD,resnet18,224,69.752,8,8,36.91387527,27076950.14,69318.49752,11.689512,11689512,1814083944,11689512,1825313768,10289616,TRUE
TBD,TBD,resnet34,224,73.298,8,8,20.22148464,49439190.47,168118.4343,21.797672,21797672,3663779432,21797672,3680019432,15934416,TRUE
TBD,TBD,resnet50,224,76.156,8,8,14.82611298,67435823.5,159086.8909,25.557032,25557032,4089238376,25557032,4132436968,43335120,TRUE
TBD,TBD,efficientnet_b0,224,76.542,8,8,33.88397015,29500944.75,84613.99976,5.246532,5246532,385825092,5288548,392108448,30457832,TRUE
TBD,TBD,efficientnet_b1,224,77.592,8,8,23.53086431,42483385.82,154478.0695,7.732136,7732136,569666840,7794184,578183224,42835856,TRUE
TBD,TBD,mobilenetv2_100,224,72.91,8,8,52.5258456,19029630.47,28292.52377,3.47076,3470760,300775272,3504872,307006504,30180432,TRUE
TBD,TBD,mobilenetv3_small_100,224,67.922,8,8,166.0922071,6017718.984,19350.00541,2.530744,2530744,56515312,2542856,56488744,6447648,TRUE
TBD,TBD,pit_xs_224,224,78.196,8,8,13.112815,76243462.61,140746.4421,10.548808,10548808,64851400,10618888,1097562952,16121240,TRUE
TBD,TBD,mnasnet_small,224,66.204,8,8,127.241612,7855627.253,28965.91257,2.013336,2013336,68342784,2030264,72297488,9877680,TRUE
TBD,TBD,resnext50_32x4d,224,80.526,8,8,8.77155089,113990809.2,410720.7351,25.028904,25028904,4230549096,25028904,4286878696,55954384,TRUE
TBD,TBD,densenet121,224,74.75,8,8,15.12926564,66082479.94,164971.2602,7.895208,7895208,2834162664,7978856,2868608488,57042640,TRUE
TBD,TBD,inception_v3,299,77.472,8,8,14.96764749,66795943.06,203201.1616,23.834568,23834568,2837956552,23834568,2855804792,15467136,TRUE
TBD,TBD,inception_v4,299,80.144,8,8,7.46639658,133915929,452867.8004,42.679816,42679816,6121958920,42679816,6160592712,39083408,TRUE
TBD,TBD,vit_tiny_patch16_224,224,75.452,8,8,30.0252507,33292915.42,125416.0845,5.6794,5679400,34470760,5717416,1079487400,14372372,TRUE
TBD,TBD,deit_small_patch16_224,224,79.856,8,8,12.4640566,80214666.61,192651.2739,21.974632,21974632,79557352,22050664,4250489704,28742744,TRUE
TBD,TBD,swin_tiny_patch4_window7_224,224,81.388,8,8,8.30956461,120326185.4,414113.4233,28.265032,28265032,62796520,28288354,4368122296,44760560,TRUE
TBD,TBD,pvt_v2_b2_li,224,78.196,8,8,5.6229782,177793145,391364.4843,22.553512,22553512,422153704,22553512,3803266856,70917152,TRUE
TBD,TBD,poolformer_m36,224,82.104,8,8,4.68270625,213491761.8,415936.548,56.146024,56146024,8780858344,56172520,8823704296,109586384,TRUE
TBD,TBD,edgenext_small,256,81.068,8,8,15.22094403,65684858.86,146154.4466,5.583464,5583464,77707904,5586832,965893600,21848836,TRUE
TBD,TBD,levit_128,224,78.486,8,8,16.82037748,59436330.26,169689.9523,9.206112,9206112,60481200,9213936,367794384,7064072,TRUE
TBD,TBD,levit_192,224,79.858,8,8,13.04832747,76620774.03,207560.4089,10.941736,10941736,119852128,10947069,601862032,9601000,TRUE
TBD,TBD,poolformer_m48,224,82.462,8,8,3.903946,256085699.1,633804.257,73.43812,73438120,11562558184,73473448,11619686632,145336784,TRUE
TBD,TBD,resmlp_12_224,224,76.66,8,8,20.04357774,49877323.17,195712.8951,15.341656,15341656,72905176,15350872,3017066776,19344848,TRUE
TBD,TBD,resnet26,224,75.298,8,8,24.54577277,40727091.71,96835.9276,15.995176,15995176,2342288488,15995176,2370456552,28282320,TRUE
TBD,TBD,resnet26d,224,76.698,8,8,22.01108581,45418641,152272.7616,16.014408,16014408,2581929192,16014408,2616118248,32045520,TRUE
TBD,TBD,resnet50d,224,80.73,8,8,13.87104175,72078506.04,227658.4009,25.576264,25576264,4328879080,25576264,4378098664,47098320,TRUE
TBD,TBD,resnet101,224,81.494,8,8,8.43332426,118561149.2,340069.9443,44.54916,44549160,7801511784,44549160,7865129960,63806928,TRUE
TBD,TBD,resnet152,224,78.33,8,8,5.79231393,172625541.1,546045.0556,60.192808,60192808,11513779048,60192808,11602639848,89095632,TRUE
TBD,TBD,resnest50d,224,80.958,8,8,13.86354027,72115817.37,238455.0928,27.48324,27483240,5371235592,27483240,5431598024,63275760,TRUE
TBD,TBD,resnext101_32x8d,224,79.308,8,5,1.94587922,513880078.3,1399696.255,88.791336,88791336,16414219368,88791336,16537650152,122136528,TRUE
TBD,TBD,efficientnet_b2,256,79.324,8,8,21.8579649,45735429.28,156203.6517,9.042426,9042426,658979850,9109994,667921996,44909284,TRUE
TBD,TBD,efficientnet_b3,300,80.878,8,8,16.63394956,60102496.8,221001.9184,12.145936,12145936,962729320,12233232,974517576,59592352,TRUE
TBD,TBD,efficientnet_b4,380,82.598,8,8,11.90148475,84007922.63,263892.0434,19.216416,19216416,1503740472,19341616,1519283664,78167536,TRUE
TBD,TBD,efficientnet_lite0,224,74.846,8,8,40.63070943,24598436.03,63861.72316,4.609992,4609992,385188552,4652008,391471528,30439152,TRUE
TBD,TBD,efficientnet_lite1,240,76.674,8,8,30.48056122,32794409.01,85163.38909,5.363016,5363016,502468680,5416680,510595624,39658992,TRUE
TBD,TBD,efficientnetv2_rw_t,224,81.37,8,8,17.53500129,57014505.26,143717.817,13.530364,13530364,1912908004,13649388,1921780880,48506680,TRUE
TBD,TBD,efficientnetv2_rw_s,288,82.888,8,8,13.23320061,75550721.66,210090.3657,23.780448,23780448,2943967704,23941296,2955036168,63022432,TRUE
TBD,TBD,mobilenetv2_050,224,65.928,8,8,27.3143599,36596920.1,138217.2271,1.950136,1950136,97132840,1968680,100587144,16441616,TRUE
TBD,TBD,poolformer_s12,224,77.238,8,8,16.9113422,59114606.83,141104.6052,11.90852,11908520,1817814248,11915176,1828085992,27322832,TRUE
TBD,TBD,mobilenetv2_120d,224,77.3,8,8,27.3143599,36596920.1,138217.2271,5.767368,5767368,668858568,5831144,679920808,54357424,TRUE
TBD,TBD,mobilenetv3_large_100,224,75.784,8,8,63.57886858,15722573.88,59989.55024,5.458632,5458632,216597120,5483032,220040984,20493824,TRUE
TBD,TBD,mobilenetv3_small_075,224,65.706,8,8,192.2470976,5198624.885,22642.04911,2.032192,2032192,43403656,2041872,43362736,5898000,TRUE
TBD,TBD,regnetz_d8,256,83.546,8,8,8.834243,113161329.8,258955.099,23.281776,23281776,3003581160,23373792,3020061160,114834208,TRUE
TBD,TBD,regnetz_d32,256,83.432,8,8,7.0559376,141686129.4,293965.9399,27.484272,27484272,4542579432,27576288,4559059432,114834208,TRUE
TBD,TBD,densenet169,224,75.922,8,8,11.80499164,84697002.37,259753.3323,13.99108,13991080,3359844328,14149480,3401114088,67713232,TRUE
TBD,TBD,densenet201,224,77.284,8,8,8.85900004,112864659.2,377783.3884,19.784872,19784872,4291366888,20013928,4344126952,85564112,TRUE
TBD,TBD,inception_resnet_v2,299,80.434,8,8,7.21394426,138598923.9,487278.9243,55.843464,55843464,6474676104,55843464,6517065736,47327280,TRUE
TBD,TBD,regnetx_002,224,68.758,8,8,84.30357914,11858927.65,50036.84425,2.663944,2663944,199040872,2684792,203069064,12661216,TRUE
TBD,TBD,regnetx_004,224,74.596,8,8,31.78320117,31455922.1,103236.444,5.12084,5120840,397678568,5157512,403599336,18965408,TRUE
TBD,TBD,regnety_002,224,70.288,8,8,78.01933315,12814266.08,36357.30644,3.142148,3142148,199519076,3162996,203548732,12669940,TRUE
TBD,TBD,regnety_004,224,75.594,8,8,46.7462189,21388325.86,63886.99024,4.316992,4316992,401849056,4344144,409077888,23315216,TRUE
TBD,TBD,cspresnet50,256,79.578,8,8,16.54973155,60410407.64,191406.2273,21.575848,21575848,3458753512,21616168,3467760104,57207712,TRUE
TBD,TBD,cspdarknet53,256,80.078,8,8,11.98847883,83396793.41,165675.9774,27.606856,27606856,5002568680,27642184,5015539176,77428640,TRUE
TBD,TBD,vit_small_patch16_224,224,78.842,8,8,12.41637769,80523578.02,187851.8022,21.974632,21974632,79557352,22050664,4250489704,28742744,TRUE
TBD,TBD,vit_small_patch32_224,224,76.01,8,8,44.88164627,22271294.3,86229.25924,22.859368,22859368,79500904,22878952,1122254440,6766832,TRUE
TBD,TBD,vit_base_patch16_224,224,80.246,7,7,4.2025184,237931223.7,853535.8218,86.415592,86415592,201581032,86567656,16867042024,57483488,TRUE
TBD,TBD,vit_base_patch32_224,224,73.704,8,8,14.39214307,69464690.89,247799.8207,88.185064,88185064,201468136,88224232,4367874280,13531664,TRUE
TBD,TBD,deit_tiny_patch16_224,224,72.19,8,8,29.81935342,33522742.48,100825.6895,5.6794,5679400,34470760,5717416,1079487400,14372372,TRUE
TBD,TBD,deit_base_patch16_224,224,81.98,8,8,4.19111136,238578900,616411.6812,86.415592,86415592,201581032,86567656,16867042024,57483488,TRUE
TBD,TBD,deit_small_distilled_patch16_224,224,81.204,8,8,12.43647703,80393660.01,189178.2699,22.359632,22359632,79942352,22436432,4272154832,28826328,TRUE
TBD,TBD,swin_small_patch4_window7_224,224,83.228,8,8,4.96003981,201593219.8,574017.1092,49.5586,49558600,105379048,49606258,8540376568,71008880,TRUE
TBD,TBD,swin_base_patch4_window7_224,224,83.604,8,8,3.38919034,295037426.9,763925.6761,87.70468,87704680,180318184,87768224,15163614888,94677840,TRUE
TBD,TBD,nest_tiny_jx,224,81.428,8,8,7.20422624,138787094.1,507558.9868,16.53076,16530760,1071800488,17057608,5235448936,53026640,TRUE
TBD,TBD,nest_small_jx,224,83.132,8,8,4.58450869,218105143,732424.0774,37.824328,37824328,1093094056,38351176,9406320232,82040912,TRUE
TBD,TBD,mobilevit_xxs,256,68.936,8,8,42.92849362,23286555.13,72973.96376,1.267912,1267912,151745512,1272024,258855529,25398384,TRUE
TBD,TBD,pvt_v2_b0,224,70.654,8,8,22.63193918,44172409.78,74555.51603,3.66676,3666760,118691944,3666760,537658216,20184904,TRUE
TBD,TBD,pvt_v2_b1,224,78.698,8,8,12.78005596,78229285.08,257231.3294,14.009,14009000,389082344,14009000,2051539688,39772360,TRUE
TBD,TBD,crossvit_9_240,240,73.994,8,8,19.72343084,50687297.42,124709.4824,8.451152,8451152,68953808,8553296,1543324880,6893832,TRUE
TBD,TBD,crossvit_15_240,240,81.522,8,8,8.3581072,119628423.2,274856.681,27.375248,27375248,118129232,27528464,5169152720,14588856,TRUE
TBD,TBD,twins_pcpvt_small,224,81.116,8,8,8.78015553,113874805,343694.8007,24.106216,24106216,333237736,24106216,3690929064,51492768,TRUE
TBD,TBD,twins_svt_small,224,81.694,8,8,11.39756032,87721878.28,306484.4496,24.060776,24060776,202353704,24060776,2822725864,34999760,TRUE
TBD,TBD,visformer_small,224,82.092,8,8,6.47547519,154408715.3,562155.9445,39.956168,39956168,4746904616,40219592,4765118184,32544616,TRUE
TBD,TBD,tnt_s_patch16_224,224,81.506,8,8,4.14690759,241125495.4,336005.8744,23.67892,23678920,51662440,23755336,4849659304,54698456,TRUE
TBD,TBD,mobilevit_xs,256,74.618,8,8,24.55830132,40705691.51,121243.2799,2.3094,2309400,469932072,2317848,712006473,59943536,TRUE
TBD,TBD,mobilevit_s,256,78.298,8,8,17.50105489,57124668.09,119963.1583,5.566376,5566376,848632616,5578632,1427588169,73072304,TRUE
TBD,TBD,mobilevitv2_050,256,70.156,8,8,51.85021287,19280098.04,47649.00089,1.362817,1362817,363158680,1370593,367601416,36141952,TRUE
TBD,TBD,mobilevitv2_075,256,75.612,8,8,30.70236419,32557104.97,83338.66377,2.854345,2854345,802833400,2866009,809496200,54208384,TRUE
TBD,TBD,levit_384,224,82.6,8,8,23.80260057,41998833.54,122359.9878,39.118464,39118464,451383408,39128836,2242428624,18758152,TRUE
TBD,TBD,edgenext_x_small,256,74.874,8,8,21.43192022,46650426.47,93698.86605,2.334672,2334672,41058324,2336804,411648796,14291748,TRUE
TBD,TBD,edgenext_xx_small,256,71.132,8,5,33.0816304,30222727.08,83037.72566,1.325892,1325892,25058364,1327216,198838308,7986150,TRUE
TBD,TBD,mobilevit_xs,256,74.618,8,8,24.52572052,40758449.13,92378.23431,2.3094,2309400,469932072,2317848,712006473,59943536,TRUE
TBD,TBD,mobilevit_s,256,78.298,8,8,17.49489965,57143340.02,180800.4863,5.566376,5566376,848632616,5578632,1427588169,73072304,TRUE
TBD,TBD,coat_tiny,224,78.442,8,8,3.23303024,309291977.3,1046290.051,5.497932,5497932,636608160,5498540,4675240712,71168096,TRUE
TBD,TBD,coat_lite_tiny,224,77.548,8,8,9.02829447,110748444.9,336804.237,5.721192,5721192,172891944,5721960,1641748328,30406416,TRUE
TBD,TBD,mobilevitv2_100,256,78.088,8,8,22.05731626,45320826.76,132943.7536,4.886289,4886289,1414572888,4901841,1423455752,72274816,TRUE
TBD,TBD,mobilevitv2_125,256,79.682,8,8,15.06702684,66354587.45,200888.2372,7.458649,7458649,2198377144,7478089,2209480072,90341248,TRUE
TBD,TBD,mobilevitv2_150,256,80.38,8,8,12.55125226,79656535.21,308289.2211,10.571425,10571425,3154246168,10594753,3167569160,108407680,TRUE
TBD,TBD,mobilevitv2_175,256,80.87,8,8,9.95114729,100472172.1,323602.7453,14.224617,14224617,4282179960,14251833,4297723016,126474112,TRUE
TBD,TBD,mixer_b16_224,224,82.314,8,8,5.74180995,174142524.4,721270.8253,59.880472,59880472,175045912,59880472,12627264280,52917200,TRUE
TBD,TBD,resnest14d,224,75.516,8,8,15.5071719,64468388.62,146040.7236,10.611688,10611688,2749430920,10611688,2781725768,32151152,TRUE
TBD,TBD,gmlp_s16_224,224,79.652,8,8,9.29414836,107579114,251465.7512,19.422656,19422656,57811136,19422656,4416306400,49927120,TRUE
TBD,TBD,resnest26d,224,78.476,8,8,8.55769448,116819309.3,216921.5141,17.069448,17069448,3623433768,17069448,3666255016,43822352,TRUE
TBD,TBD,resmlp_24_224,224,80.766,8,8,10.21698074,97858781.35,292482.4684,30.002248,30002248,87547336,30020680,5975870536,38311376,TRUE
TBD,TBD,resmlp_36_224,224,79.772,8,8,6.85961375,145762948.1,450193.0957,44.66284,44662840,102189496,44690488,8934674296,57277904,TRUE
TBD,TBD,mobilevitv2_200,256,81.148,8,8,8.51729171,117390715.3,312821.0063,18.418225,18418225,5582178520,18449329,5599941640,144540544,TRUE
TBD,TBD,coatnet_0_224,224,82.39,8,8,7.46541653,133932090.6,472850.2405,24.432532,24432532,4397445112,24446228,4416355432,97208640,TRUE
TBD,TBD,crossvit_tiny_240,240,73.352,8,8,13.77554558,72579575.79,84110.59633,6.938192,6938192,52315184,7014800,1296991280,6801777,TRUE
TBD,TBD,crossvit_18_dagger_240,240,82.494,8,8,3.75483321,266310280.7,398857.2359,44.088224,44088224,591805968,44266976,8648350160,21222299,TRUE
TBD,TBD,twins_svt_large,224,83.718,8,8,2.81110086,355716834.5,519165.1591,60.989672,60989672,833676776,60989672,9541749864,100287556,TRUE
TBD,TBD,hardcorenas_a,224,75.926,8,8,51.92916548,19248213.21,69860.46509,5.239848,5239848,224235240,5260232,227578736,20147184,TRUE
TBD,TBD,ghostnet_050,224,66.9,8,8,119.5382885,8362596.269,34613.5958,2.586332,2586332,42342920,2587292,47035016,8943536,TRUE
TBD,TBD,ghostnet_100,224,73.958,8,8,63.06363858,15852577.79,51126.50331,5.180588,5180588,141177764,5182508,151840388,17881224,TRUE
TBD,TBD,ghostnet_130,224,75.8,8,8,47.18686512,21184348.38,70201.20994,7.356324,7356324,227037972,7358820,241238092,23173504,TRUE
TBD,TBD,fbnetc_100,224,75.12,8,8,39.96216827,25010857.13,48867.25415,5.527832,5527832,384961160,5572200,396743112,29730960,TRUE
TBD,TBD,spnasnet_100,224,74.086,8,8,46.72737158,21391471.99,91358.66807,4.382112,4382112,333468072,4421616,344168104,27734352,TRUE
TBD,TBD,mixnet_s,224,76,8,8,31.19889583,32041753.66,86451.49391,4.102414,4102414,239181286,4134606,247386388,32395348,TRUE
TBD,TBD,mixnet_m,224,77.268,8,8,21.69710094,46072287.3,96633.07886,4.97267,4972670,339182870,5014382,350230940,42854924,TRUE
TBD,TBD,mixnet_l,224,78.97,8,8,16.3122283,61288597.32,200025.4292,7.27498,7274980,555264988,7329252,569793472,56759672,TRUE
TBD,TBD,tinynet_a,192,77.666,8,8,30.10704201,33202647.46,104664.1304,6.135972,6135972,457777956,6187972,464625888,33285032,TRUE
TBD,TBD,tinynet_b,188,74.946,8,8,40.91520604,24431405.33,66348.57543,3.697234,3697234,276174514,3730562,281961516,27944932,TRUE
TBD,TBD,tinynet_c,184,71.214,8,8,61.18422046,16338675.95,70696.41651,2.435682,2435682,139703682,2457234,143653660,18732820,TRUE
TBD,TBD,resnetaa50,224,80.614,8,8,13.35588025,74857219.89,190953.5984,25.557032,25557032,5129687912,25557032,5176398824,45442512,TRUE
TBD,TBD,cait_xxs24_224,224,78.4,8,8,7.66962077,130370416.2,389971.5628,11.908456,11908456,40699816,11956264,2178514408,35011512,TRUE
TBD,TBD,cait_xxs36_224,224,79.75,8,8,5.18470482,192861042.4,502045.8198,17.247304,17247304,46038664,17299720,3238252360,52284600,TRUE
TBD,TBD,cait_s24_224,224,83.484,8,8,2.62559597,380850289.4,550732.7534,46.820584,46820584,104403304,46916200,8637405160,70021024,TRUE
TBD,TBD,efficientnet_lite2,260,77.47,8,8,19.56170122,51108034.03,63957.43751,6.033976,6033976,576510424,6092072,585025448,41610368,TRUE
TBD,TBD,densenet161,224,77.384,8,8,4.16885237,239859926.7,339503.1058,28.461064,28461064,7727908072,28681000,7791581416,104357456,TRUE
TBD,TBD,efficientnet_lite3,300,79.808,8,8,14.98002117,66743068.12,68830.19275,8.120424,8120424,852100536,8197096,863122792,54157504,TRUE
TBD,TBD,efficientnet_lite4,300,81.54,8,8,10.50990823,95134664.14,167286.7763,12.8942,12894200,1347666152,13006568,1362167016,71572496,TRUE
TBD,TBD,regnetx_006,224,73.904,8,8,22.00726557,45430722.54,90914.03594,6.16276,6162760,600891112,6196040,608293640,23865056,TRUE
TBD,TBD,regnetx_008,224,77.294,8,8,19.24608372,51950390.25,78530.16412,7.222344,7222344,799700712,7259656,809281192,31085344,TRUE
TBD,TBD,regnety_008,224,78.672,8,8,19.30678501,51786476.7,85160.19422,6.23328,6233280,797183328,6263168,806944464,31666760,TRUE
TBD,TBD,regnety_006,224,75.274,8,8,17.0645524,58590843.05,116357.8718,6.0254,6025400,601227608,6055160,609307960,26108016,TRUE
TBD,TBD,pvt_v2_b5,224,83.76,8,8,2.2620531,442062381.4,804819.1426,81.956008,81956008,1363489000,81956008,11401697832,128919432,TRUE
TBD,TBD,pvt_v2_b4,224,83.71,8,8,2.48116384,403023177,651887.1614,62.556072,62556072,1145195496,62556072,9853631336,136113220,TRUE
TBD,TBD,pvt_v2_b3,224,83.12,8,8,3.47875269,287445827.2,304367.1702,45.238696,45238696,845900776,45238696,6725771176,95772304,TRUE
TBD,TBD,pvt_v2_b2,224,82.062,8,8,5.15431889,193998091.6,301012.9281,25.362856,25362856,559959016,25362856,3918013096,70358944,TRUE
TBD,TBD,crossvit_small_240,240,81.036,8,8,6.15641896,162419117.2,247517.7951,26.703056,26703056,117457040,26856272,5084012432,13603554,TRUE
TBD,TBD,crossvit_9_dagger_240,240,76.99,8,8,13.01051112,76848077.34,136378.7512,8.674448,8674448,207649488,8776592,1682904272,7878920,TRUE
TBD,TBD,crossvit_9_240,240,73.994,8,8,13.74158842,72760603.3,129784.2592,8.451152,8451152,68953808,8553296,1543324880,6893832,TRUE
TBD,TBD,resnetv2_50,224,80.41,8,8,10.89346499,91780699.85,132124.5221,25.503912,25503912,4089185256,25549352,4109004776,55705504,TRUE
TBD,TBD,resnetv2_101,224,82.042,8,8,6.06650721,164823368.5,269218.567,44.443816,44443816,7801406440,44541480,7831461864,83001248,TRUE
TBD,TBD,resnetrs50,224,79.934,8,8,8.87671131,112641572.4,201909.099,35.691912,35691912,4454563368,35691912,4502987560,53261328,TRUE
TBD,TBD,resnetrs101,288,82.288,8,8,5.15040229,194146113,322823.8255,63.618696,63618696,8175771432,63618696,8244623912,77192976,TRUE
TBD,TBD,res2net50_26w_4s,224,77.994,8,8,9.27192244,107822024.5,237513.8889,25.69912,25699120,4255226956,25699120,4305127080,45208880,TRUE
TBD,TBD,res2net50_14w_8s,224,78.142,8,8,9.410224,106237354,218438.1992,25.059816,25059816,4178962740,25059816,4231199016,47146928,TRUE
TBD,TBD,res2next50,224,78.238,8,8,9.011031,110943291.1,223432.9983,24.671464,24671464,4172742568,24671464,4227219432,48553424,TRUE
TBD,TBD,resnetaa50d,288,82.656,8,8,9.649421,103604006.1,240006.8763,25.576264,25576264,5369328616,25576264,5422060520,49205712,TRUE
TBD,TBD,resnetblur50,288,80.248,8,8,10.56694384,94611013.45,216376.3994,25.557032,25557032,5129687912,25557032,5174993896,46446032,TRUE
TBD,TBD,tf_efficientnet_b0,224,76.542,8,8,34.720781,28792854.3,74845.27471,5.246532,5246532,385825092,5288548,374491968,30457832,TRUE
TBD,TBD,tf_efficientnet_b1,240,78.546,8,8,20.71941,48253091.3,132205.741,7.732136,7732136,569666840,7794184,560566744,42835856,TRUE
TBD,TBD,tf_efficientnet_b2,260,79.612,8,8,20.614585,48498299.75,123644.0794,9.042426,9042426,658979850,9109994,650162044,44909284,TRUE
TBD,TBD,tf_efficientnet_b3,300,80.878,8,8,17.94159355,55721292.76,157278.3502,12.145936,12145936,962729320,12233232,951634968,59592352,TRUE
TBD,TBD,tf_efficientnet_b4,380,82.598,8,8,12.39869672,80630533.81,205999.2633,19.216416,19216416,1503740472,19341616,1493430480,78167536,TRUE
TBD,TBD,tf_efficientnet_b5,456,83.17,8,8,12.06143,82886872.89,202229.2422,30.217048,30217048,2356534504,30389784,2350712584,108034608,TRUE
TBD,TBD,tf_efficientnet_b6,528,84.124,8,8,8.3514772,119711222.3,284181.5137,42.816272,42816272,3360220448,43040704,3355934096,138349776,TRUE
TBD,TBD,tf_efficientnet_b7,600,84.424,8,8,6.251593,159918589.2,378779.6298,66.03724,66037240,5169939352,66347960,5170757672,185659888,TRUE
TBD,TBD,tf_efficientnet_lite0,224,74.846,8,8,34.89835,28647805.16,68300.55725,4.609992,4609992,385188552,4652008,373855048,30439152,TRUE
TBD,TBD,tf_efficientnet_lite1,240,76.674,8,8,27.344187,36561115.31,84883.6778,5.363016,5363016,502468680,5416680,492979144,39658992,TRUE
TBD,TBD,tf_efficientnet_lite2,260,77.47,8,8,22.6289556,44179855.34,110189.588,6.033976,6033976,576510424,6092072,567265496,41610368,TRUE
TBD,TBD,tf_efficientnet_lite3,300,79.808,8,8,18.335664,54522678.6,116454.9259,8.120424,8120424,852100536,8197096,842949688,54157504,TRUE
TBD,TBD,tf_efficientnet_lite4,380,81.54,8,8,12.764437,78323407.24,190039.6675,12.8942,12894200,1347666152,13006568,1341732840,71572496,TRUE
TBD,TBD,tinynet_d,152,66.936,8,8,60.26676773,16587078.01,28003.5269,2.320638,2320638,103396542,2338446,106273972,13368460,TRUE
TBD,TBD,tinynet_e,106,59.874,8,8,65.84165988,15181847.2,18020.34523,2.028732,2028732,88429932,2042972,91206192,12855592,TRUE
TBD,TBD,twins_svt_base,224,83.122,8,8,4.003215,249724527.9,565920.921,56.070952,56070952,560177224,56070952,8359472488,66702368,TRUE
TBD,TBD,twins_pcpvt_base,224,82.724,8,8,4.287659,233169253.7,548830.2289,43.828456,43828456,589073896,43828456,6468581544,70885008,TRUE
TBD,TBD,twins_pcpvt_small,224,81.116,8,8,6.573713,152085557.8,348690.0936,24.106216,24106216,333237736,24106216,3690929064,51492768,TRUE
TBD,TBD,coatnet_1_224,224,83.62,8,8,2.9784588,335641338.1,909664.5387,41.61112,41611120,8236413976,41635184,8260688008,147057264,TRUE
TBD,TBD,coat_lite_mini,224,79.104,8,8,8.0722561,123849159.8,387016.4246,11.010536,11010536,205711080,11011560,2036307432,31813328,TRUE
TBD,TBD,coat_lite_small,224,82.304,8,8,4.8272822,207091728.9,665415.9699,19.83748,19837480,420259624,19838504,4149079464,57014480,TRUE
TBD,TBD,levit_128s,224,76.52,8,8,62.204492,16072042.95,53024.44219,7.771744,7771744,58232752,7777058,282872272,5310152,TRUE
TBD,TBD,efficientnet_es,224,76.608,8,8,16.09031285,62134915.72,99503.49626,5.386952,5386952,1788732008,5438392,1804549992,42018832,TRUE
TBD,TBD,efficientnet_em,240,78.128,8,8,12.792351,78147411.54,164696.9132,6.831688,6831688,2613274216,6899496,2635514728,60295440,TRUE
TBD,TBD,efficientnet_el,300,80.246,8,8,8.8171765,113389392.2,244576.3488,10.497504,10497504,4354192104,10589712,4384285160,81501448,TRUE
TBD,TBD,mobilenetv3_rw,224,75.616,8,8,55.2301171,18100530.95,60353.24844,5.455518,5455518,216594006,5479918,220035978,20293100,TRUE
TBD,TBD,mobilenetv3_large_075,224,73.442,8,8,57.7854406,17301530.68,55934.70265,3.97444,3974440,154566856,3993528,157836240,18597488,TRUE
TBD,TBD,repvgg_a2,224,76.488,8,8,9.20127859,108654549.2,261803.1326,28.16804,28168040,5685346280,28210600,5691743720,48352800,TRUE
TBD,TBD,repvgg_b0,224,75.158,8,8,10.9229395,91526649.86,197501.7097,15.78276,15782760,3397192680,15817960,3403464680,47925920,TRUE
TBD,TBD,repvgg_b1,224,78.37,8,8,4.9676666,201253230.4,532853.9715,57.34692,57346920,13128090600,57415016,13138928616,85008288,TRUE
TBD,TBD,repvgg_b1g4,224,77.608,8,8,5.715049,174934669,394963.8451,39.89796,39897960,8118518760,39966056,8129356776,85008288,TRUE
TBD,TBD,hrnet_w18_small,224,73.934,8,8,19.33513836,51707687.3,109436.5027,13.187464,13187464,1601984968,13187464,1623353160,9081856,TRUE
TBD,TBD,hrnet_w18_small_v2,224,75.094,8,8,16.5603634,60367397.43,140334.2166,15.597464,15597464,2596198676,15597464,2633336848,18169984,TRUE
TBD,TBD,regnetx_016,224,79.44,8,8,14.45011056,69185609.12,157393.4893,9.146632,9146632,1602850792,9190136,1617840872,49051424,TRUE
TBD,TBD,regnetx_032,224,80.196,8,8,10.68497892,93560335.17,238075.1007,15.233992,15233992,3176622952,15296552,3198283304,71259296,TRUE
TBD,TBD,regnety_016,224,80.668,8,8,14.787646,67606589.1,154514.5276,11.149758,11149758,1612087326,11202430,1627537418,50601170,TRUE
TBD,TBD,regnety_032,224,81.788,8,8,9.35398856,106873963.4,249020.6257,19.370178,19370178,3176496162,19436338,3197984486,70559870,TRUE
TBD,TBD,dla34,224,74.632,8,8,15.2783398,65434936.28,159677.8532,15.742104,15742104,3060060264,15742104,3081520104,19962040,TRUE
TBD,TBD,dla60,224,78.234,8,8,10.18316389,98175571.66,219313.1166,22.036632,22036632,4235920488,22036632,4278930408,39895992,TRUE
TBD,TBD,dla102,224,78.016,8,8,6.47829045,154319615.9,340325.7624,33.268888,33268888,7164618856,33268888,7224863720,58862520,TRUE
TBD,TBD,dla169,224,78.702,8,8,5.561927,179745782.2,480100.0337,53.38972,53389720,11557670248,53389720,11643161576,87061432,TRUE
TBD,TBD,dpn68,224,76.304,8,8,14.6534721,68226634.39,150029.3814,12.546486,12546486,2326164456,12611602,2350932584,61113592,TRUE
TBD,TBD,dpn92,224,80.032,8,8,6.5059262,153669222.2,331613.718,37.543176,37543176,6501685224,37668392,6545125096,109887096,TRUE
TBD,TBD, dpn98,224,79.664,8,8,4.1598777,240326755.4,581563.0434,61.405832,61405832,11671218152,61570728,11731366632,149385016,TRUE
TBD,TBD,dpn107,224,80.166,8,8,3.539334,282465746.5,725500.3688,86.703976,86703976,18298765288,86917800,18384396904,208514296,TRUE
TBD,TBD,senet154,224,81.258,8,8,3.0785112,324758866.6,808414.6988,115.088984,115088984,20688662936,115088984,20843364856,172116192,TRUE
TBD,TBD,seresnet50,288,81.114,8,8,11.400833,87685936.01,197737.5021,28.088024,28088024,4091769368,28088024,4134969848,48887520,TRUE
TBD,TBD,seresnet101,224,78.37,8,8,7.099192,140817769.4,313239.1115,49.326872,49326872,7806289496,49326872,7869911736,72809376,TRUE
TBD,TBD,seresnext50_32x4d,224,79.08,8,8,7.6493101,130690148.2,388908.4242,27.559896,27559896,4233080088,27559896,4289411576,61506784,TRUE
TBD,TBD,skresnet18,224,73.02,8,8,24.3516638,41054545,96728.41335,11.946536,11946536,1814340968,11958056,1824073704,18577104,TRUE
TBD,TBD,skresnet34,224,76.956,8,8,13.7362876,72779675.98,162677.9277,22.25972,22259720,3664241480,22282376,3677737896,31129248,TRUE
TBD,TBD,skresnext50_32x4d,224,80.168,8,8,5.9672224,167541621.1,466240.4426,27.404264,27404264,4462720808,27479784,4500446568,102248688,TRUE
TBD,TBD,nfnet_l0,288,82.766,8,8,76.94637383,12992786.6,60715.18499,35.074488,35074488,4265563816,35074488,25272872,34623712,TRUE
TBD,TBD,xception,299,79.058,8,8,7.72101766,129499838.5,180824.6092,22.855952,22855952,4552934600,22855952,4599423560,54073904,TRUE
TBD,TBD,xception41,299,78.55,8,8,6.79111526,147236372,262784.5253,26.965096,26965096,4976503432,26969560,5042176456,96714976,TRUE
TBD,TBD,xception65,299,79.558,8,8,4.74173736,210876508.1,445912.5079,39.911848,39911848,7500438664,39916312,7586588872,126394080,TRUE
TBD,TBD,nasnetalarge,331,82.638,8,8,3.58256447,279049845.6,629709.8629,88.752958,88752958,10283993476,88753150,10372980346,158223608,TRUE
TBD,TBD,pnasnet5large,331,82.814,8,8,3.8781923,257792924.2,572546.6362,86.057476,86057476,10818162916,86057668,10831006852,158053226,TRUE
TBD,TBD,rexnet_100,224,77.862,8,8,27.7619462,36011774.43,96935.13676,4.756869,4756869,398381721,4796873,405289939,41632925,TRUE
TBD,TBD,cs3darknet_l,256,80.35,8,8,12.61267851,79272003.46,169189.9234,21.135176,21135176,3711239144,21164168,3717887464,40298400,TRUE
TBD,TBD,cs3darknet_m,288,80.882,8,8,23.0679526,43336171.47,67412.49408,9.293296,9293296,1584022504,9310240,1588143208,24598816,TRUE
TBD,TBD,cs3darknet_x,256,81.856,8,8,7.61679711,131274580.9,243839.0809,35.00688,35006880,6397215720,35046320,6406027880,53633440,TRUE
TBD,TBD,cs3edgenet_x,256,82.198,8,8,5.78028242,172986428.7,405369.4663,47.77488,47774880,8805663720,47821120,8815683240,60877600,TRUE
TBD,TBD,cs3se_edgenet_x,256,82.768,8,8,5.55091077,180136144.5,355554.0401,50.675344,50675344,8808564184,50721584,8818586288,60905752,TRUE
TBD,TBD,cs3sedarknet_l,256,81.208,8,8,12.04996031,82973835.73,126474.0269,21.8846,21884600,3711988568,21913592,3718638088,40311600,TRUE
TBD,TBD,cs3sedarknet_x,256,81.296,8,8,7.8592838,127200872.7,269645.5643,35.358464,35358464,6397567304,35397904,6406379928,53648432,TRUE
TBD,TBD,cspresnext50,256,80.548,8,8,9.2796116,107732646.1,338330.1472,20.512424,20512424,3074425832,20569896,3086869480,76076960,TRUE
TBD,TBD,darknet53,256,80.008,8,8,6.7111223,148963482.3,333265.1489,41.574216,41574216,7109157864,41609928,7118741480,64282528,TRUE
TBD,TBD,darknetaa53,256,79.754,8,8,7.5210187,132920353.5,320282.915,35.987272,35987272,6081553384,36022984,6097358824,66615712,TRUE
TBD,TBD,deit3_base_patch16_224,224,83,8,8,3.916001,255284776.6,723719.1847,86.434024,86434024,201581032,86585320,16867042024,57483488,TRUE
TBD,TBD,densenetblur121d,288,77.32,8,8,10.1619955,98383658.84,240009.4449,7.914312,7914312,3073803240,7998088,3109854696,61257424,TRUE
TBD,TBD,dla46_c,224,64.88,8,8,34.12696466,29290464.83,41835.09461,1.3014,1301400,574278504,1301400,593663464,17527736,TRUE
TBD,TBD,dla46x_c,224,66.008,8,8,21.59640816,46295612.72,49301.76652,1.06844,1068440,532735592,1068440,556759016,21008696,TRUE
TBD,TBD,dla60_res2net,224,78.48,8,8,7.85788832,127247318.7,178494.046,20.848072,20848072,4122731320,20848072,4175768552,46599192,TRUE
TBD,TBD,dla60_res2next,224,78.488,8,8,6.52494249,153243743.1,243110.3419,17.032984,17032984,3458805736,17032984,3515352040,49115832,TRUE
TBD,TBD,dla60x,224,78.234,8,8,7.05238213,141783253.1,195895.4146,17.352344,17352344,3516612200,17352344,3574158312,50809272,TRUE
TBD,TBD,dla60x_c,224,67.928,8,8,20.07906932,49795156.73,72748.31019,1.319832,1319832,581309544,1319832,606834664,22488888,TRUE
TBD,TBD,dla102x,224,78.156,8,8,7.6452469,130764185.9,321571.7376,26.309272,26309272,5848025704,26309272,5929219048,74592696,TRUE
TBD,TBD,dla102x2,224,79.448,8,8,4.96322786,201425172.9,437562.3264,41.2822,41282200,9284128360,41282200,9407218664,106053048,TRUE
TBD,TBD,dpn131,224,79.836,8,8,3.6794315,271714165.5,682416.1533,79.031144,79031144,16013649896,79254504,16094771944,200614712,TRUE
TBD,TBD,efficientnet_b1_pruned,240,78.252,8,8,32.0346442,31207963.03,84701.55502,6.28787,6287870,315321938,6331916,304014447,24672902,TRUE
TBD,TBD,efficientnet_b2_pruned,260,79.904,8,8,22.67267,44096010.44,112754.9402,8.253583,8253583,463862455,8309737,452731697,29804833,TRUE
TBD,TBD,efficientnet_b3_pruned,300,80.864,8,8,22.232994,44967346.15,120395.691,9.793178,9793178,524782370,9855020,511372407,30293139,TRUE
TBD,TBD,efficientnet_el_pruned,300,80.284,8,8,8.505922,117533250.9,262133.1444,10.497504,10497504,4354192104,10589712,4384285160,81501448,TRUE
TBD,TBD,efficientnet_es_pruned,224,75.01,8,8,16.3292379,61222595.84,131889.7632,5.386952,5386952,1788732008,5438392,1804549992,42018832,TRUE
TBD,TBD,efficientnetv2_rw_m,320,84.296,8,8,6.36593326,157051496.9,346186.7746,52.92921,52929210,6193442730,53236442,6213137780,112105188,TRUE
TBD,TBD,ese_vovnet19b_dw,288,77.788,8,8,17.06386042,58588879.75,132495.6436,6.531944,6531944,1333493384,6543080,1347329416,38782560,TRUE
TBD,TBD,ecaresnet26t,256,78.894,8,8,16.984459,58864152.79,152451.9006,16.011916,16011916,2550364888,16011916,2584152552,34770384,TRUE
TBD,TBD,ecaresnet50d,224,80.634,8,8,12.36346709,80858592.84,194542.8032,25.57635,25576350,4328966888,25576350,4378186472,52647888,TRUE
TBD,TBD,ecaresnet50d_pruned,224,79.714,8,8,16.096826,62109494.02,162134.2473,19.939713,19939713,2519917801,19939713,2545110813,26514967,TRUE
TBD,TBD,ecaresnet50t,224,81.282,8,8,11.724486,85269786.1,196544.5157,25.573814,25573814,4297355992,25573814,4346174184,52346832,TRUE
TBD,TBD,ecaresnet101d,224,82.18,8,8,6.967543,143478543.2,286022.3164,44.568563,44568563,8041327336,44568563,8110966504,76566480,TRUE
TBD,TBD,ecaresnet101d_pruned,224,80.81,8,8,15.466873,64637468.54,169846.9162,24.87604,24876040,3461081009,24876040,3491301475,31538273,TRUE
TBD,TBD,ecaresnet269d,320,84.724,8,8,3.32198063,300949768.2,724508.7941,102.093077,102093077,20270234344,102093077,20435461864,188356560,TRUE
TBD,TBD,ecaresnetlight,224,80.454,8,8,12.7187133,78599298.25,174147.0414,30.162046,30162046,4089350760,30162046,4124511976,36798416,TRUE
TBD,TBD,fbnetv3_b,224,78.184,8,8,26.297357,38016220.72,105357.8586,8.552064,8552064,407518416,8598464,405665128,32958056,TRUE
TBD,TBD,fbnetv3_d,224,78.658,8,8,22.03343186,45374830.14,125908.9551,10.249664,10249664,501983168,10306272,500139288,39894624,TRUE
TBD,TBD,fbnetv3_g,240,81.246,8,8,16.35625812,61120962.3,168223.7342,16.533024,16533024,1045095120,16623888,1043279464,60485704,TRUE
TBD,TBD,gc_efficientnetv2_rw_t,224,81.276,8,8,14.3904721,69471421.49,169628.6423,13.558689,13558689,1915518342,13677713,1924392580,48538602,TRUE
TBD,TBD,gcresnet33ts,256,80.072,8,8,11.310697,88387564.54,199354.9611,19.841034,19841034,3624864342,19880698,3632343604,66174014,TRUE
TBD,TBD,gcresnet50t,256,80.944,8,8,12.454272,80270520.97,183903.9449,25.843848,25843848,4125519963,25897080,4145152646,86863019,TRUE
TBD,TBD,gcresnext26ts,256,77.81,8,8,11.9725507,83505390.95,248576.1942,10.44564,10445640,1843141314,10476600,1851503948,57449706,TRUE
TBD,TBD,gcresnext50ts,256,80.608,8,8,9.382545,106555182.2,339572.521,15.614088,15614088,2846634075,15667320,2858765446,90074283,TRUE
TBD,TBD,gcvit_base,224,84.456,8,8,2.37135952,421569042.9,1113086.487,90.320836,90320836,1936910952,90320836,13864107144,145517568,TRUE
TBD,TBD,gcvit_small,224,83.904,8,8,3.4879395,286639257.8,573446.9783,51.092173,51092173,1103656120,51092173,7815448672,109139176,TRUE
TBD,TBD,gcvit_tiny,224,83.84,8,8,6.0234572,165979201.1,383938.6638,28.221974,28221974,508361768,28221974,4287028728,79007696,TRUE
TBD,TBD,gcvit_xtiny,224,81.964,8,8,7.371213,135623419.6,331373.7299,19.981294,19981294,499590376,19981294,2692259832,55011024,TRUE
TBD,TBD,gcvit_xxtiny,224,79.756,8,8,10.431549,95840449.99,250001.4808,11.995428,11995428,488572648,11995428,1945802360,41759856,TRUE
TBD,TBD,gernet_l,256,81.354,8,8,9.64832864,103612903.6,221024.7928,30.975688,30975688,3489586024,31078280,3500662376,41438240,TRUE
TBD,TBD,gernet_m,224,80.702,8,8,13.1516389,76019468.13,173457.7767,21.076168,21076168,3004509544,21142920,3013829736,35668000,TRUE
TBD,TBD,gernet_s,224,76.874,8,8,23.029011,43412513.96,98979.10698,8.139207,8139207,744138504,8173761,749025960,18244032,TRUE
TBD,TBD,gmixer_24_224,224,78.048,8,8,8.52676046,117248011,271805.2876,24.721096,24721096,82303816,24721096,5269640776,41776592,TRUE
TBD,TBD,rexnet_130,224,79.492,8,8,19.70328312,50737216.84,112021.7352,7.505067,7505067,662243529,7557091,671262001,54345559,TRUE
TBD,TBD,rexnet_150,224,80.322,8,8,16.960098,58948386.22,143693.5605,9.668575,9668575,875844649,9728593,886250489,62712283,TRUE
TBD,TBD,vgg11,224,69.05,8,8,7.45829757,134036433.5,312406.6745,132.863336,132863336,7616525288,132863336,7643644904,16448416,TRUE
TBD,TBD,vgg13,224,69.95,8,8,5.9784548,167217921.7,394785.1303,133.047848,133047848,11320718312,133047848,11357471720,26082208,TRUE
TBD,TBD,vgg16,224,71.594,8,8,5.78586673,172782238.4,476956.8559,138.357544,138357544,15483821032,138357544,15523183592,28691360,TRUE
TBD,TBD,vgg19,224,72.4,8,8,5.2272421,191259244.6,482464.7038,143.66724,143667240,19646923752,143667240,19688895464,31300512,TRUE
TBD,TBD,mobilenetv2_140,224,76.528,8,8,26.0045799,38443248.36,103608.4363,6.06084,6060840,582196824,6108776,591127368,43245760,TRUE
TBD,TBD,mobilenetv2_110d,224,75.056,8,8,30.0080119,33316827.3,88859.3948,4.469032,4469032,430517080,4516520,438622856,39564128,TRUE
TBD,TBD,mobilenetv3_large_100_miil,224,76.4,8,8,49.5016634,20196216.65,63399.36032,5.458632,5458632,216597120,5483032,220040984,20493824,TRUE
TBD,TBD,mobilenetv3_small_050,224,57.918,8,8,197.3383568,5065838.89,20000,1.586728,1586728,24192280,1593224,23785744,4132128,TRUE
TBD,TBD,mvitv2_base,224,84.424,8,8,5.11518,195434225.8,417575.8713,51.299944,51299944,151663336,51472744,8879483944,76848312,TRUE
TBD,TBD,mvitv2_large,224,85.264,8,8,2.2989836,434838192.3,1014083.763,217.75996,217759960,439937560,217992952,40661686936,211514808,TRUE
TBD,TBD,mvitv2_small,224,83.772,8,8,6.8546351,145848944,318293.4591,34.757704,34757704,118884808,34870216,6081743752,51597240,TRUE
TBD,TBD,mvitv2_tiny,224,82.408,8,8,9.457997,105705349.3,218849.2047,24.091912,24091912,96041800,24173320,3985018504,37598136,TRUE
TBD,TBD,nf_regnet_b1,256,78.71,8,8,111.7303446,8947475.82,43415.80822,10.223984,10223984,612181824,10223984,12159344,15328144,TRUE
TBD,TBD,regnetv_040,224,82.44,8,8,7.4222933,134697671.9,280833.8058,20.584384,20584384,3973301344,20640640,3984978840,58974344,TRUE
TBD,TBD,regnetv_064,224,83.118,8,8,6.895381,144979139.1,308346.0857,30.50082,30500820,6355221876,30576052,6373271696,80832212,TRUE
TBD,TBD,regnetx_040,224,78.486,8,8,8.6949935,114981199.6,247616.7383,22.042184,22042184,3964499816,22118248,3987803432,76640160,TRUE
TBD,TBD,regnetx_064,224,79.062,8,8,6.74348,148257801.1,320138.2581,26.135048,26135048,6460292264,26209256,6491054072,101428288,TRUE
TBD,TBD,regnetx_080,224,81.552,8,8,5.78940054,172687637.3,343117.3892,39.482184,39482184,7995133416,39572648,8022090472,88664480,TRUE
TBD,TBD,regnetx_120,224,79.608,8,8,4.61863433,216460198.3,489879.5139,46.009672,46009672,12086679016,46106056,12126951528,132961440,TRUE
TBD,TBD,regnetx_160,224,82.574,8,8,3.7788495,264568486.3,586761.7016,54.167368,54167368,15940756456,54278536,15989025768,159670176,TRUE
TBD,TBD,regnetx_320,224,82.824,8,8,2.661302,375637396.2,793974.5109,107.649544,107649544,31735930792,107811560,31804845176,228357440,TRUE
TBD,TBD,regnety_040,224,82.308,8,8,7.1621694,139580737.3,284923.8155,20.584384,20584384,3973301344,20646656,3996549712,76542216,TRUE
TBD,TBD,regnety_064,224,83.006,8,8,6.39737,156266284.1,323245.7806,30.50082,30500820,6355221876,30583252,6386427788,103013924,TRUE
TBD,TBD,regnety_080,224,82.58,8,8,5.0463219,198110855.7,362263.6273,39.094324,39094324,7963074196,39180068,7996876428,111471380,TRUE
TBD,TBD,regnety_120,224,80.382,8,8,4.540653,220178749.6,516134.4557,51.72616,51726160,12092395504,51822544,12132674304,133000440,TRUE
TBD,TBD,regnety_160,224,82.646,8,8,3.6524028,273722187.2,603607.9267,83.467324,83467324,15911534044,83590140,15954986532,143369148,TRUE
TBD,TBD,regnety_320,224,83.17,8,8,2.557947,390846985.8,877572.348,144.888482,144888482,32279583362,145046770,32336963686,189612934,TRUE
TBD,TBD,regnetz_040,256,83.644,8,8,10.02271,99743105.36,213443.1028,26.986272,26986272,3075543744,27116800,3092516680,105110520,TRUE
TBD,TBD,regnetz_b16,224,79.864,8,8,14.8657942,67251983.95,167452.5265,9.665688,9665688,1430216760,9715480,1439071512,62597456,TRUE
TBD,TBD,regnetz_c16,256,82.162,8,8,12.3156065,81173428.56,179719.9275,13.396904,13396904,1896774728,13459880,1908371976,78553056,TRUE
TBD,TBD,repvgg_b2,224,78.788,8,8,3.22428106,310056027.5,796983.2002,88.93732,88937320,20418171880,89022376,20431317992,103650208,TRUE
TBD,TBD,repvgg_b2g4,224,79.396,8,8,4.32005559,231421022,550872.1196,61.67332,61673320,12590715880,61758376,12603861992,103650208,TRUE
TBD,TBD,repvgg_b3,224,80.528,8,8,2.839997,352035070.1,914565.6854,122.98532,122985320,29120697320,123085288,29136051176,121889184,TRUE
TBD,TBD,repvgg_b3g4,224,80.224,8,8,3.776259,264743964.1,692422.8574,83.72516,83725160,17849160680,83825128,17864514536,121889184,TRUE
TBD,TBD,swin_s3_base_224,224,83.92,8,8,2.82352284,354056337,950621.6348,70.852168,70852168,94739176,71125762,12723003160,118001840,TRUE
TBD,TBD,swin_s3_small_224,224,83.778,8,8,3.98501922,250875157.1,667579.3149,49.5586,49558600,66312424,49737298,8550748888,91753520,TRUE
TBD,TBD,swin_s3_tiny_224,224,82.128,8,8,6.938722,144073349.5,446097.6254,28.265032,28265032,52152040,52152040,4370196760,48909488,TRUE
TBD,TBD,lcnet_050,224,63.138,8,8,117.0791545,8539257.95,25339.8209,1.875384,1875384,44733768,1880856,43478048,6637072,TRUE
TBD,TBD,lcnet_075,224,68.786,8,8,76.8561669,13008086.26,33196.7686,2.350064,2350064,94789496,2358288,93546416,10404272,TRUE
TBD,TBD,lcnet_100,224,72.13,8,8,61.60144954,16228482,41215.85,2.942856,2942856,155703720,2953800,154473280,13268304,TRUE
TBD,TBD,legacy_senet154,224,81.32,8,8,3.133202,319063290.2,828010.7437,115.088984,115088984,20688662936,115088984,20843364856,145820976,TRUE
TBD,TBD,legacy_seresnet18,224,71.742,8,8,26.76286844,37352800.41,77085.19806,11.778592,11778592,1814173024,11778592,1826908368,11096512,TRUE
TBD,TBD,legacy_seresnet34,224,74.788,8,8,14.59641161,68497624.94,112054.7057,21.958868,21958868,3663940628,21958868,3682940780,16745256,TRUE
TBD,TBD,legacy_seresnet50,224,77.65,8,8,10.28315439,97233616.3,145278.6483,28.088024,28088024,3860558360,28088024,3901651448,45349168,TRUE
TBD,TBD,legacy_seresnet101,224,78.37,8,8,5.61190983,178177719.9,369223.3268,49.326872,49326872,7575078488,49326872,7636593336,67563952,TRUE
TBD,TBD,mnasnet_100,224,74.672,8,8,34.44850803,29016264.9,54522.12904,4.345392,4345392,314416872,4383312,324138472,25109520,TRUE
TBD,TBD,pit_b_224,224,82.458,8,8,3.05378208,327449820,375195.7477,73.518568,73518568,220221928,73764840,10558481896,66706800,TRUE
TBD,TBD,pit_b_distilled_224,224,83.774,8,8,2.853258,350371028.4,536011.7147,74.543568,74543568,221246928,74790096,10631807952,66995684,TRUE
TBD,TBD,pit_s_224,224,81.114,8,8,9.61732823,103966760.6,183058.0567,23.356792,23356792,104810680,23461912,2425091320,24180860,TRUE
TBD,TBD,pit_ti_224,224,72.926,8,8,27.48518045,36375440.39,46070.78997,4.800552,4800552,41002280,4847272,500969000,11795832,TRUE
TBD,TBD, resnest26d,224,78.476,8,8,7.07816303,141264218.1,203421.4235,17.069448,17069448,3623433768,17069448,3666255016,43822352,TRUE
